{
  "timestamp": "2024-05-09T16:50:32Z",
  "event": "Status",
  "Flags": 151060493,
  "Flags2": 0,
  "Pips": [
    4,
    4,
    4
  ],
  "FireGroup": 0,
  "GuiFocus": 0,
  "Fuel": {
    "FuelMain": 32.000000,
    "FuelReservoir": 0.520000
  },
  "Cargo": 0.000000,
  "LegalState": "Clean",
  "Balance": 3183336476,
  "Destination": {
    "System": 2871319930265,
    "Body": 0,
    "Name": "Morommo"
  }
}
